{
  "Felt Adventures Clip 5 13.mp4": {
    "last_used": 1753028622.889481,
    "usage_count": 2
  },
  "Felt Adventures Clip 4.mp4": {
    "last_used": 1753028622.889481,
    "usage_count": 2
  },
  "Felt Adventures Clip 5.mp4": {
    "last_used": 1753028622.889481,
    "usage_count": 2
  },
  "Felt Adventures Clip 5 12.mp4": {
    "last_used": 1753028622.889481,
    "usage_count": 2
  },
  "Felt Adventures Clip 5 38.mp4": {
    "last_used": 1753028622.889481,
    "usage_count": 2
  },
  "Felt Adventures Clip 5 10.mp4": {
    "last_used": 1753028622.889481,
    "usage_count": 2
  },
  "Felt Adventures Clip 5 11.mp4": {
    "last_used": 1753028837.71848,
    "usage_count": 2
  },
  "Felt Adventures Clip 5 39.mp4": {
    "last_used": 1753028837.71848,
    "usage_count": 2
  },
  "Felt Adventures Clip 4 2.mp4": {
    "last_used": 1753028837.71848,
    "usage_count": 2
  },
  "Felt Adventures Clip 5 15.mp4": {
    "last_used": 1753028837.71848,
    "usage_count": 2
  },
  "Felt Adventures Clip 5 29.mp4": {
    "last_used": 1753028837.71848,
    "usage_count": 2
  },
  "Felt Adventures Clip 5 28.mp4": {
    "last_used": 1753028837.71848,
    "usage_count": 2
  },
  "Felt Adventures Clip 5 14.mp4": {
    "last_used": 1753028837.71848,
    "usage_count": 2
  },
  "Felt Adventures Clip 5 16.mp4": {
    "last_used": 1753028842.398212,
    "usage_count": 2
  },
  "Felt Adventures Clip 5 17.mp4": {
    "last_used": 1753028842.398212,
    "usage_count": 2
  },
  "Felt Adventures Clip 5 3.mp4": {
    "last_used": 1753028842.398212,
    "usage_count": 2
  },
  "Felt Adventures Clip 5 2.mp4": {
    "last_used": 1753028842.398212,
    "usage_count": 2
  },
  "Felt Adventures Clip 5 5.mp4": {
    "last_used": 1753028842.398212,
    "usage_count": 2
  },
  "Felt Adventures Clip 5 4.mp4": {
    "last_used": 1753028842.398212,
    "usage_count": 2
  },
  "Felt Adventures Clip 5 6.mp4": {
    "last_used": 1753028842.398212,
    "usage_count": 2
  },
  "Felt Adventures Clip 5 7.mp4": {
    "last_used": 1753028845.605913,
    "usage_count": 2
  },
  "Felt Adventures Clip 5 48.mp4": {
    "last_used": 1753028845.605913,
    "usage_count": 2
  },
  "Felt Adventures Clip 5 45.mp4": {
    "last_used": 1753028845.605913,
    "usage_count": 2
  },
  "Felt Adventures Clip 5 44.mp4": {
    "last_used": 1753028845.605913,
    "usage_count": 2
  },
  "Felt Adventures Clip 5 46.mp4": {
    "last_used": 1753028845.605913,
    "usage_count": 2
  },
  "Felt Adventures Clip 5 9.mp4": {
    "last_used": 1753028845.605913,
    "usage_count": 2
  },
  "Felt Adventures Clip 5 8.mp4": {
    "last_used": 1753028845.605913,
    "usage_count": 2
  },
  "Felt Adventures Clip 5 47.mp4": {
    "last_used": 1753028605.155012,
    "usage_count": 1
  },
  "Felt Adventures Clip 5 43.mp4": {
    "last_used": 1753028610.277592,
    "usage_count": 1
  },
  "Felt Adventures Clip 5 42.mp4": {
    "last_used": 1753028610.277592,
    "usage_count": 1
  },
  "Felt Adventures Clip 5 40.mp4": {
    "last_used": 1753028610.277592,
    "usage_count": 1
  },
  "Felt Adventures Clip 5 41.mp4": {
    "last_used": 1753028610.277592,
    "usage_count": 1
  },
  "Felt Adventures Clip 5 32.mp4": {
    "last_used": 1753028610.277592,
    "usage_count": 1
  },
  "Felt Adventures Clip 5 26.mp4": {
    "last_used": 1753028610.277592,
    "usage_count": 1
  },
  "Felt Adventures Clip 5 27.mp4": {
    "last_used": 1753028610.277592,
    "usage_count": 1
  },
  "Felt Adventures Clip 5 33.mp4": {
    "last_used": 1753028614.626126,
    "usage_count": 1
  },
  "Felt Adventures Clip 5 19.mp4": {
    "last_used": 1753028614.626126,
    "usage_count": 1
  },
  "Felt Adventures Clip 5 25.mp4": {
    "last_used": 1753028614.626126,
    "usage_count": 1
  },
  "Felt Adventures Clip 5 31.mp4": {
    "last_used": 1753028614.626126,
    "usage_count": 1
  },
  "Felt Adventures Clip 5 30.mp4": {
    "last_used": 1753028614.626126,
    "usage_count": 1
  },
  "Felt Adventures Clip 5 24.mp4": {
    "last_used": 1753028614.626126,
    "usage_count": 1
  },
  "Felt Adventures Clip 5 18.mp4": {
    "last_used": 1753028614.626126,
    "usage_count": 1
  },
  "Felt Adventures Clip 5 20.mp4": {
    "last_used": 1753028618.938264,
    "usage_count": 1
  },
  "Felt Adventures Clip 5 34.mp4": {
    "last_used": 1753028618.938264,
    "usage_count": 1
  },
  "Felt Adventures Clip 5 35.mp4": {
    "last_used": 1753028618.938264,
    "usage_count": 1
  },
  "Felt Adventures Clip 5 21.mp4": {
    "last_used": 1753028618.938264,
    "usage_count": 1
  },
  "Felt Adventures Clip 5 37.mp4": {
    "last_used": 1753028618.938264,
    "usage_count": 1
  },
  "Felt Adventures Clip 5 23.mp4": {
    "last_used": 1753028618.938264,
    "usage_count": 1
  },
  "Felt Adventures Clip 5 22.mp4": {
    "last_used": 1753028618.938264,
    "usage_count": 1
  },
  "Felt Adventures Clip 5 36.mp4": {
    "last_used": 1753028622.889481,
    "usage_count": 1
  }
}